file,group,neg,pos
c02,C,489.0,1.0
b03,B,366.0,73.0
a08,A,310.0,189.0
a19,A,296.0,204.0
a09,A,113.0,380.0
a18,A,50.0,437.0
a12,A,42.0,533.0
a28,A,50.0,438.0
c13,C,397.0,1.0
a27,A,214.0,290.0
b09,B,468.0,57.0
c11,C,471.0,0.0
a26,A,339.0,167.0
c16,C,412.0,1.0
c03,C,452.0,0.0
b02,B,422.0,93.0
a32,A,388.0,120.0
c14,C,440.0,2.0
a13,A,250.0,243.0
a30,A,79.0,406.0
a16,A,160.0,320.0
a17,A,325.0,158.0
a35,A,173.0,344.0
a34,A,218.0,290.0
a06,A,302.0,206.0
a03,A,272.0,245.0
a25,A,192.0,323.0
a15,A,139.0,368.0
a33,A,406.0,119.0
b10,B,448.0,65.0
c09,C,451.0,2.0
a31,A,246.0,264.0
c19,C,469.0,4.0
c06,C,464.0,1.0
a05,A,176.0,276.0
b07,B,412.0,96.0
a29,A,296.0,200.0
a11,A,243.0,221.0
c10,C,417.0,1.0
a14,A,124.0,383.0
a38,A,183.0,326.0
c18,C,468.0,3.0
a40,A,112.0,424.0
a23,A,187.0,316.0
a02,A,107.0,419.0
a37,A,61.0,422.0
c12,C,443.0,0.0
a36,A,10.0,486.0
b04,B,408.0,10.0
b06,B,450.0,12.0
c15,C,467.0,2.0
b08,B,442.0,13.0
a21,A,136.0,375.0
